user_paciente_1,pass_user_paciente_1,paciente,Sebastian Lago Cadenas,+34 887 37 06 11,activo
user_paciente_2,pass_user_paciente_2,paciente,Pío Coca Casado,+34 883 53 71 25,activo
user_paciente_3,pass_user_paciente_3,paciente,Melania Rincón Vizcaíno,+34 884 30 18 23,inactivo
user_paciente_4,pass_user_paciente_4,paciente,Ámbar Company Real,+34 806 29 07 56,inactivo
user_paciente_5,pass_user_paciente_5,paciente,Roxana Múñiz Garmendia,+34 975 01 53 66,activo
user_paciente_6,pass_user_paciente_6,paciente,Hermenegildo Leiva Mesa,+34 973 38 32 95,activo
user_paciente_7,pass_user_paciente_7,paciente,Encarnacion Montes Portillo,+34 888 26 57 18,activo
user_paciente_8,pass_user_paciente_8,paciente,Octavio Montesinos,+34 981 21 42 67,inactivo
user_paciente_9,pass_user_paciente_9,paciente,Luisa Velázquez Cabello,+34 877 66 69 03,activo
user_paciente_10,pass_user_paciente_10,paciente,Azeneth Pineda Morcillo,+34 820 53 04 29,activo
user_paciente_11,pass_user_paciente_11,paciente,Glauco Meléndez,+34 945 50 50 32,activo
user_paciente_12,pass_user_paciente_12,paciente,Felicia Tejada Mínguez,+34 887 47 07 78,activo
user_paciente_13,pass_user_paciente_13,paciente,Dan Huerta Cerezo,+34 872 47 21 56,activo
user_paciente_14,pass_user_paciente_14,paciente,Candelaria Ledesma Valera,+34 976 38 92 07,inactivo
user_paciente_15,pass_user_paciente_15,paciente,Amparo Verónica Feijoo Sales,+34 902 14 48 09,activo
user_paciente_16,pass_user_paciente_16,paciente,Nayara Lorenzo Amor,+34 747 99 73 47,activo
user_paciente_17,pass_user_paciente_17,paciente,Margarita Corominas Coronado,+34 874 61 91 20,activo
user_paciente_18,pass_user_paciente_18,paciente,Débora Rodriguez Amo,+3 4826 80 81 72,activo
user_paciente_19,pass_user_paciente_19,paciente,Clara Andrade Vaquero,+34 875 51 50 85,activo
user_paciente_20,pass_user_paciente_20,paciente,Roberta Córdoba Romero,+34 971 90 94 02,activo